Table 1: Interaction between “chronic loneliness” and “lockdown loneliness”
"Great Britain, 3 April to 3 May 2020"

,Felt lonely in last seven days,Hasn't felt lonely in past seven days
"""Often"" or ""Always"" lonely",6.3% (1.5 million adults),1.6% (0.4 million adults)
,Both chronically lonely and lockdown lonely,Chronically lonely who are not lockdown lonely¹
"""Some of the time"" or ""Occasionally""",23.5% (5.6 million adults),31% (7.4 million adults)
"""Hardly ever"" or ""Never"" lonely",1.3% (0.3 million adults),36.3% (8.6 million adults)
,Lockdown lonely but not chronically lonely,Neither lockdown nor chronically lonely

Source: ,Office for National Statistics – Opinions and Lifestyle Survey
Notes
1,This table only includes those who were able to answer both loneliness questions. Therefore this table will be filtering out those who may have said they were “often or always” lonely but didn’t also say that their well-being had been affected by the pandemic. For more information see Measuring the data.
2,"The base population is those who gave a valid response to the question “how often do you feel lonely?”, and who selected the response “feeling lonely” to the question “In the past seven days, how has your well-being been affected?”. This question was asked only to those who had already noted that they were “very worried” or “somewhat worried” about the “effect that Coronavirus (COVID-19) is having on their life right now?” and if they reported “My well-being is being affected (for example, boredom, loneliness, anxiety and stress)” when asked ""In which ways is Coronavirus (COVID-19) affecting your life?"" (n = 2,420)."
3,Weighted population estimates do not sum to the total Great Britain population because analysis has been conducted on a subset of the survey sample.
