Table 3: Characteristics of those feeling lonely “some of the time” or “occasionally” that are linked to lockdown loneliness 
"Great Britain, 3 April to 3 May 2020"

"Lonely ""some of the time"" or ""occasionally""","Lonely ""some of the time"" or ""occasionally"""
More likely to experience lockdown loneliness,Less likely to experience lockdown loneliness
·       Aged 16 to 39 years,·       Aged 40 to 69 years
"·       Single, or divorced, separated or a former or separated civil partner","·       Married, cohabiting, same-sex cohabitee or civil partner"
·       Living in a single-person household,·       Living in a multi-person household

Source: ,Office for National Statistics – Opinions and Lifestyle Survey
Notes
1,This table only includes those who were able to answer both loneliness questions. Therefore this table will be filtering out those who may have said they were “often or always” lonely but didn’t also say that their well-being had been affected by the pandemic. For more information see Measuring the data.
2,"Differences have been assessed by comparing the “lockdown lonely” and not “lockdown lonely” results within a chronic loneliness category. For example, there was a higher proportion of adults living in single person households reporting lockdown loneliness when also reporting they were sometimes or occasionally lonely, than adults living in single person households not reporting lockdown loneliness who felt lonely sometimes or occasionally. See Table 1.1b in the associated dataset."
