"Figure 5: Both the chronically lonely and the lockdown lonely groups are more likely to be struggling to find things that help them cope with lockdown",""
"Percentage of adults saying that they’re struggling to find things that help whilst staying at home, Great Britain, 3 April to 3 May 2020",""
"",""
"Notes","1. All respondents were asked ""How often do you feel lonely?"". Therefore, the base population for those reporting “often or always” lonely is those aged 16 years and over in Great Britain. 
2. Respondents were asked “In the past seven days, how has your well-being been affected?” giving the option for noting “Feeling lonely” if they have already noted that they were “very worried” or “somewhat worried” about the “effect that Coronavirus (COVID-19) is having on their life right now?” and if they reported “My well-being is being affected (for example, boredom, loneliness, anxiety and stress)” when asked ""In which ways is Coronavirus (COVID-19) affecting your life?"". 
3. Note that some of the response categories for this question have evolved over the reference period. See “Variables adapted during pooling” for more information."
"Unit","Percentage"
"",""
"","Struggling to find things that help me cope","Lower 95% confidence interval ","Upper 95% confidence interval "
"Chronically lonely","10.6","5.6","15.5"
"Lockdown lonely","6.5","4.1","9.0"
"All people","1.9","1.3","2.4"
