"Table 4: Percentage of people with access to gardens, by housing tenure"
"England,  2014 to 2019"

,"Rent (both private
and socially rented)","Owned (both outright
and with a mortgage)"
I don't have access to a garden,24%,4%
I have access to a private communal garden,8%,2%
I have access to a private garden,64%,91%
"I have access to a private outdoor space 
but not a garden (balcony, yard, patio area)",5%,3%

Source: ,Natural England - Monitor of Engagement with the Natural Environment (MENE)
Notes
1,"Respondents were asked ""Which of the following best applies to you?"" Response options were ""I don’t have access to a garden; ""I have access to a private communal garden""; I have access to a private garden"" or ""I have access to a private outdoor space but not a garden (balcony, yard, patio area). "
2,"Sample size for this analysis was 17,659."
