"Table 2: Working-age adults living alone, and those in ""bad"" or ""very bad"" health, in rented accommodation or who were single, or divorced, separated or a former or separated civil partner were at greater risk of chronic and lockdown loneliness"
"Great Britain, 3 April to 3 May 2020  "

Chronic loneliness,Lockdown loneliness
All below characteristics are significantly different relative to the Great Britain population figure of 5.0%,All below characteristics are significantly different relative to the Great Britain population figure of 30.9%
More likely to be lonely,More likely to be lonely
"·       Reported ""bad"" or ""very bad"" (26.3%)","·       Reported ""bad"" or ""very bad"" (52.1%)"
·       Disabled (11.0%),·       Single (53.0%)
·       Reported underlying health condition  (8.8%),·       Widowed (51.2%)
·       Single (9.0%),·       Divorced or separated/former or separated civil partner (53.2%)
·       Divorced or separated/former or separated civil partner (9.7%),·       Adults living alone (aged 16 to 64 years) (57.2%)
·       Adults living alone (aged 16 to 64 years) (13.4%),·       Adults living alone (aged 65 years and over) (50.1%)
·       Rented accommodation (8.6%),·       Rented accommodation (38.8%)
,·       Aged 16 to 24 years (50.8%)
,
Less likely to be lonely,Less likely to be lonely
·    Married/cohabiting/same-sex cohabitee/civil partner (2.5%),·      Married/cohabiting/same-sex cohabitee/civil partner (16.5%)
·       Two-adult households (at least one aged 65 years and over) (1.7%),·       Two-adult households (at least one aged 65 years and over) (14.3%)
·       Own home outright (3.1%),·       Aged 55-69 years (24.1%)
,
Characteristics with no significant difference,Characteristics with no significant difference
·       Great Britain country,·       Great Britain country
·       Sex,·       Sex
·       Having children,·       Disability
"·       Giving special help to a sick, elderly or disabled adult in the household",·       Reported underlying health condition
,·       Having children
,"·       Giving special help to a sick, elderly or disabled adult in the household"

Source: ,Office for National Statistics – Opinions and Lifestyle Survey 
Notes
1,"All respondents were asked ""How often do you feel lonely?"". The base population for those reporting ""often or always"" lonely is those aged 16 years and over in Great Britain (n= 5,260)."
2,"Respondents were asked ""In the past seven days, how has your well-being being affected?” giving the option for noting “Feeling lonely” if they have already noted that they were “very worried” or “somewhat worried” about the “effect that Coronavirus (COVID-19) is having on their life right now?” and if they reported “My well-being is being affected (for example, boredom, loneliness, anxiety and stress)” when asked ""In which ways is Coronavirus (COVID-19) affecting your life?"" (n= 2,440)."
3,See the glossary for our definition of disability.
4,See the glossary for our definition of underlying health conditions.
5,"Differences have been identified by comparing the rates of each loneliness measure among different characteristics of the sample (for example, those reporting bad or very bad health) with the rate of loneliness among all those asked the question."
